Practice,FileCount,Pillar,Capability
AI Operational Management,4,Technology & Infrastructure,AI Deployment
Access Control Systems,21,Cybersecurity & Governance,Data Management
Accountability Measures in Process Management,23,Data & Analytics,Process Transparency
Adaptability Enhancement,78,Digital Leadership & Culture,Adaptability and Resilience
Adopting Changes,7,Digital Leadership & Culture,Change Management Excellence
Adopting Technology,48,Digital Leadership & Culture,Digital Proficiency Enhancement
Advanced Decision Analytics,52,Data & Analytics,Decision Support
Agility Implementation,77,Digital Leadership & Culture,Adaptability and Resilience
Analytics Reporting,86,Data & Analytics,Decision Support
Automated Data Collection,136,Technology & Infrastructure,Structured Data Harvesting
BI Solutions,29,Data & Analytics,Decision Support
BPO Strategy,8,Business Model Innovation,Outsourcing efficiency
Benchmarking and Best Practices,50,Cybersecurity & Governance,Efficiency Auditing
Best Practices Implementation,37,Process Automation & Optimization,Process Standardization Establishment
Big Data Analysis,92,Technology & Infrastructure,Structured Data Harvesting
Blockchain Infrastructure Implementation,75,Technology & Infrastructure,Blockchain Based Security Enhancement
Brand and Reputation Monitoring,6,Cybersecurity & Governance,Reputation Safeguarding
Building Networks,7,Business Model Innovation,Ecosystem creation
Business Process Redesign,10,Process Automation & Optimization,Process Definition & Improvement
Capability Building,39,Digital Leadership & Culture,Digital Proficiency Enhancement
Capability Focus,12,Business Model Innovation,Core competency focus
Change Leadership,1,Digital Leadership & Culture,Leadership-Driven Change
Cloud Computing Integration,96,Technology & Infrastructure,External Infrastructure Utilization
Collaboration Cultivation,27,Business Model Innovation,Ecosystem creation
Competency Prioritization,7,Business Model Innovation,Core competency focus
Compliance Auditing and Monitoring,1,Cybersecurity & Governance,Compliance Assurance
Compliance Training Programs,1,Cybersecurity & Governance,Compliance Assurance
Compliance and Regulatory Adherence,8,Process Automation & Optimization,Process Standardization Establishment
Comprehensive Data Analytics,52,Data & Analytics,Analytics Solutions
Comprehensive Data Auditing,3,Cybersecurity & Governance,Data Management
Comprehensive Data Cleansing,7,Cybersecurity & Governance,Data Integrity
Consistency and Standardization,55,Cybersecurity & Governance,Data Integrity
Continuous Process Improvement,38,Process Automation & Optimization,Process Definition & Improvement
Core Development,26,Business Model Innovation,Core competency focus
Core Enhancement,1,Business Model Innovation,Core competency focus
Cost-Benefit and ROI Analysis,4,Cybersecurity & Governance,Efficiency Auditing
Crisis Management and Response,15,Cybersecurity & Governance,Reputation Safeguarding
Culture Modification,60,Digital Leadership & Culture,Strategy/Culture Alignment
Customer Feedback and Insights,54,Cybersecurity & Governance,Reputation Safeguarding
Customer Insight Gathering,7,Customer Experience,Customer need alignment
Customer Preference Assessment,5,Customer Experience,Customer need alignment
Customer Requirement Mapping,11,Customer Experience,Customer need alignment
Customer-Centric Solutions,14,Customer Experience,Service innovation
Cybersecurity Framework Implementation,27,Technology & Infrastructure,Infrastructure Securitization
Data Analytics,109,Technology & Infrastructure,Structured Data Harvesting
Data Backup and Recovery,6,Cybersecurity & Governance,Data Management
Data Encryption,10,Technology & Infrastructure,Infrastructure Securitization
Data Integrity Assurance,2,Cybersecurity & Governance,Data Integrity
Data Integrity Policy and Standards,4,Cybersecurity & Governance,Data Integrity
Data Mining,34,Technology & Infrastructure,Structured Data Harvesting
Data Processing,63,Technology & Infrastructure,Structured Data Harvesting
Data Protection,58,Technology & Infrastructure,Infrastructure Securitization
Data Quality Metrics and Indicators,40,Cybersecurity & Governance,Data Integrity
Data Storage Optimization,61,Technology & Infrastructure,Structured Data Harvesting
Decision Algorithms,72,Data & Analytics,Decision Support
Deep Learning Application,25,Technology & Infrastructure,AI Deployment
Device Usage Training,2,Digital Skills & Training,Device Proficiency
Digital Literacy,51,Digital Leadership & Culture,Digital Proficiency Enhancement
Digital Presence and Online Reputation,10,Cybersecurity & Governance,Reputation Safeguarding
Digital Skill Development,12,Digital Skills & Training,Skills Acquisition Trainings
Diversification Strategies,30,Business Model Innovation,Revenue stream innovation
E-Learning Education,3,Digital Skills & Training,Skills Acquisition Trainings
Ecosystem Building,80,Business Model Innovation,Ecosystem creation
Ecosystem Growth,29,Business Model Innovation,Ecosystem creation
Educational Initiatives,11,Digital Skills & Training,Skills Acquisition Trainings
Effective Policy Implementation,1,Cybersecurity & Governance,Compliance Assurance
Efficiency Optimization,14,Business Model Innovation,Outsourcing efficiency
Enhancing Skills,16,Digital Leadership & Culture,Digital Proficiency Enhancement
Equipment Handling,1,Digital Skills & Training,Device Proficiency
Error Detection and Correction,21,Cybersecurity & Governance,Data Integrity
External Infrastructure,3,Technology & Infrastructure,External Infrastructure Utilization
Flexibility Cultivation,134,Digital Leadership & Culture,Adaptability and Resilience
Focus Strategy,31,Business Model Innovation,Core competency focus
IaaS Management,66,Technology & Infrastructure,External Infrastructure Utilization
Implementing Strategies,12,Digital Leadership & Culture,Strategy/Culture Alignment
Information Architecture Optimization,34,Cybersecurity & Governance,Data Management
Information Security Management,83,Technology & Infrastructure,Infrastructure Securitization
Initiative Implementation,10,Digital Leadership & Culture,Change Management Excellence
Initiative Leadership,6,Digital Leadership & Culture,Leadership-Driven Change
Innovative Models,75,Business Model Innovation,Revenue stream innovation
Insight Visualization,20,Data & Analytics,Decision Support
Integrated Data Systems,15,Data & Analytics,Analytics Solutions
Integration Strategies,10,Business Model Innovation,Ecosystem creation
Integration of Culture,3,Digital Leadership & Culture,Strategy/Culture Alignment
Interaction Technology Optimization,7,Digital Skills & Training,Technology Interaction
IoT Data Analytics,1,Technology & Infrastructure,IoT Utilization
Leadership Development,8,Digital Leadership & Culture,Leadership-Driven Change
Leading Change,1,Digital Leadership & Culture,Change Management Excellence
Lean Process Management,12,Process Automation & Optimization,Process Definition & Improvement
Learning and Development,21,Digital Skills & Training,Skills Acquisition Trainings
Lifecycle Data Management,6,Cybersecurity & Governance,Data Management
ML Algorithm Development & Implementation,70,Technology & Infrastructure,AI Deployment
Managing Change,86,Digital Leadership & Culture,Leadership-Driven Change
Managing Transformation,32,Digital Leadership & Culture,Change Management Excellence
Market Adaptation,18,Customer Experience,Customer need alignment
Market Demand Analysis,33,Customer Experience,Customer need alignment
Media Communication and Relations,4,Cybersecurity & Governance,Reputation Safeguarding
Model Innovation,54,Business Model Innovation,Revenue stream innovation
Monetization Strategies,8,Business Model Innovation,Revenue stream innovation
Needs Analysis,7,Customer Experience,Customer need alignment
Needs Identification,42,Customer Experience,Customer need alignment
Network Partnerships,16,Business Model Innovation,Ecosystem creation
Network Security Enhancement,7,Technology & Infrastructure,Infrastructure Securitization
Neural Network Design & Application,16,Technology & Infrastructure,AI Deployment
New Revenue Streams,16,Business Model Innovation,Revenue stream innovation
Open Processes,14,Data & Analytics,Process Transparency
Operational Core,15,Business Model Innovation,Core competency focus
Operational Delegation,8,Business Model Innovation,Outsourcing efficiency
Operational Efficiency,21,Process Automation & Optimization,Process Standardization Establishment
Operational Review and Inspection,14,Cybersecurity & Governance,Efficiency Auditing
Operational Training,3,Digital Skills & Training,Device Proficiency
Organizational Redesign,102,Digital Leadership & Culture,Change Management Excellence
Organizational Resilience Development,142,Digital Leadership & Culture,Adaptability and Resilience
Outsourcing Implementation,25,Business Model Innovation,Outsourcing efficiency
PaaS Systems Utilization,31,Technology & Infrastructure,External Infrastructure Utilization
Partnership Management,54,Business Model Innovation,Outsourcing efficiency
Performance Efficiency Analysis,9,Cybersecurity & Governance,Efficiency Auditing
Predictive Modelling Techniques,54,Data & Analytics,Decision Support
Process & Workflow Optimization,28,Process Automation & Optimization,Process Definition & Improvement
Process Alignment,1,Digital Leadership & Culture,Strategy/Culture Alignment
Process Automation Integration,28,Process Automation & Optimization,Process Definition & Improvement
Process Documentation,15,Process Automation & Optimization,Process Standardization Establishment
Process Documentation,15,Data & Analytics,Process Transparency
Process Mapping,6,Process Automation & Optimization,Process Definition & Improvement
Process Performance Monitoring,11,Process Automation & Optimization,Process Definition & Improvement
Process Reengineering,30,Digital Leadership & Culture,Change Management Excellence
Process and Workflow Evaluation,2,Cybersecurity & Governance,Efficiency Auditing
Professional Growth Enhancement,13,Digital Skills & Training,Skills Acquisition Trainings
Public Relations and Image Management,7,Cybersecurity & Governance,Reputation Safeguarding
Quality Control,28,Process Automation & Optimization,Process Standardization Establishment
Regulatory Compliance Alignment,8,Cybersecurity & Governance,Compliance Assurance
Resource Utilization Review,41,Cybersecurity & Governance,Efficiency Auditing
Responsive Strategy Planning,10,Digital Leadership & Culture,Adaptability and Resilience
Revenue Development,8,Business Model Innovation,Revenue stream innovation
Risk Assessment and Management,44,Cybersecurity & Governance,Compliance Assurance
Robust Data Governance,12,Cybersecurity & Governance,Data Management
Role Definition,7,Digital Leadership & Culture,Leadership-Driven Change
SaaS Solutions Adoption,28,Technology & Infrastructure,External Infrastructure Utilization
Secure Data Protocols,30,Cybersecurity & Governance,Data Management
Security Protocol Development,2,Technology & Infrastructure,Infrastructure Securitization
Service Creativity,7,Customer Experience,Service innovation
Service Delegation,5,Business Model Innovation,Outsourcing efficiency
Service Delivery Optimization,25,Customer Experience,Service innovation
Service Design Innovation,43,Customer Experience,Service innovation
Service Improvement,9,Customer Experience,Service innovation
Service Model Redefinition,14,Customer Experience,Service innovation
Service Value Addition,44,Customer Experience,Service innovation
Skill Development,8,Digital Leadership & Culture,Digital Proficiency Enhancement
Smart Contract Development,7,Technology & Infrastructure,Blockchain Based Security Enhancement
Smart Device Management,23,Technology & Infrastructure,IoT Utilization
Stakeholder Engagement,14,Data & Analytics,Process Transparency
Standardization Protocol Development,3,Process Automation & Optimization,Process Standardization Establishment
Standardized Compliance Reporting,1,Cybersecurity & Governance,Compliance Assurance
Strategic AI Planning,1,Technology & Infrastructure,AI Deployment
Strategic Alignment,69,Digital Leadership & Culture,Strategy/Culture Alignment
Strategic Collaboration,5,Business Model Innovation,Ecosystem creation
Strategic Delegation,72,Business Model Innovation,Outsourcing efficiency
Strategic Guidance,13,Digital Leadership & Culture,Leadership-Driven Change
Strategic Planning Analytics,71,Data & Analytics,Decision Support
Strategic Reputation Planning,1,Cybersecurity & Governance,Reputation Safeguarding
Strategy Adaptation Readiness,7,Digital Leadership & Culture,Adaptability and Resilience
Strategy Development,81,Business Model Innovation,Revenue stream innovation
Strategy Development,81,Digital Leadership & Culture,Strategy/Culture Alignment
Strategy Execution,9,Digital Leadership & Culture,Change Management Excellence
Strength Identification,114,Business Model Innovation,Core competency focus
Systematic AI Integration,7,Technology & Infrastructure,AI Deployment
Tech Proficiency,17,Digital Leadership & Culture,Digital Proficiency Enhancement
Technology Adaptation,42,Digital Skills & Training,Device Proficiency
Technology Interaction,5,Digital Skills & Training,Technology Interaction
Technology Proficiency,20,Digital Skills & Training,Device Proficiency
Technology and Auditing Tools,2,Cybersecurity & Governance,Efficiency Auditing
Third-Party Cloud Services Utilization,37,Technology & Infrastructure,External Infrastructure Utilization
Training Programs,50,Digital Skills & Training,Skills Acquisition Trainings
Training Programs,50,Digital Leadership & Culture,Digital Proficiency Enhancement
Transformational Guidance,30,Digital Leadership & Culture,Leadership-Driven Change
Transforming Culture,60,Digital Leadership & Culture,Strategy/Culture Alignment
Transparency Enhancement,53,Data & Analytics,Process Transparency
Transparent Reporting,33,Data & Analytics,Process Transparency
Uniformity Enforcement,1,Process Automation & Optimization,Process Standardization Establishment
User Engagement Development,7,Digital Skills & Training,Technology Interaction
User Experience Design,19,Digital Skills & Training,Technology Interaction
User Interface Design,5,Digital Skills & Training,Technology Interaction
User Training,2,Digital Skills & Training,Device Proficiency
Visibility Analysis,1,Data & Analytics,Process Transparency
Workshop Development,1,Digital Skills & Training,Skills Acquisition Trainings
